-- phpMyAdmin SQL Dump
-- version 5.2.1
-- https://www.phpmyadmin.net/
--
-- Host: 127.0.0.1
-- Tempo de geração: 11-Dez-2023 às 02:58
-- Versão do servidor: 10.4.28-MariaDB
-- versão do PHP: 8.0.28

SET SQL_MODE = "NO_AUTO_VALUE_ON_ZERO";
START TRANSACTION;
SET time_zone = "+00:00";


/*!40101 SET @OLD_CHARACTER_SET_CLIENT=@@CHARACTER_SET_CLIENT */;
/*!40101 SET @OLD_CHARACTER_SET_RESULTS=@@CHARACTER_SET_RESULTS */;
/*!40101 SET @OLD_COLLATION_CONNECTION=@@COLLATION_CONNECTION */;
/*!40101 SET NAMES utf8mb4 */;

--
-- Banco de dados: `ordem`
--

-- --------------------------------------------------------

--
-- Estrutura da tabela `categorias`
--

CREATE TABLE `categorias` (
  `categoria_id` int(11) NOT NULL,
  `categoria_nome` varchar(45) NOT NULL,
  `categoria_ativa` tinyint(1) DEFAULT NULL,
  `categoria_data_alteracao` timestamp NULL DEFAULT current_timestamp() ON UPDATE current_timestamp()
) ENGINE=InnoDB DEFAULT CHARSET=latin1 COLLATE=latin1_swedish_ci;

--
-- Extraindo dados da tabela `categorias`
--

INSERT INTO `categorias` (`categoria_id`, `categoria_nome`, `categoria_ativa`, `categoria_data_alteracao`) VALUES
(1, 'Games', 1, '2023-10-16 13:44:03'),
(4, 'Eletrônicos', 1, '2023-10-16 23:25:08');

-- --------------------------------------------------------

--
-- Estrutura da tabela `clientes`
--

CREATE TABLE `clientes` (
  `cliente_id` int(11) NOT NULL,
  `cliente_data_cadastro` timestamp NULL DEFAULT current_timestamp(),
  `cliente_tipo` tinyint(1) DEFAULT NULL,
  `cliente_nome` varchar(45) NOT NULL,
  `cliente_sobrenome` varchar(150) NOT NULL,
  `cliente_data_nascimento` date NOT NULL,
  `cliente_cpf_cnpj` varchar(20) NOT NULL,
  `cliente_rg_ie` varchar(20) NOT NULL,
  `cliente_email` varchar(50) NOT NULL,
  `cliente_telefone` varchar(20) NOT NULL,
  `cliente_celular` varchar(20) NOT NULL,
  `cliente_cep` varchar(10) NOT NULL,
  `cliente_endereco` varchar(155) NOT NULL,
  `cliente_numero_endereco` varchar(20) NOT NULL,
  `cliente_bairro` varchar(45) NOT NULL,
  `cliente_complemento` varchar(145) NOT NULL,
  `cliente_cidade` varchar(105) NOT NULL,
  `cliente_estado` varchar(2) NOT NULL,
  `cliente_ativo` tinyint(1) NOT NULL,
  `cliente_obs` tinytext DEFAULT NULL,
  `cliente_data_alteracao` timestamp NULL DEFAULT current_timestamp() ON UPDATE current_timestamp()
) ENGINE=InnoDB DEFAULT CHARSET=latin1 COLLATE=latin1_swedish_ci;

--
-- Extraindo dados da tabela `clientes`
--

INSERT INTO `clientes` (`cliente_id`, `cliente_data_cadastro`, `cliente_tipo`, `cliente_nome`, `cliente_sobrenome`, `cliente_data_nascimento`, `cliente_cpf_cnpj`, `cliente_rg_ie`, `cliente_email`, `cliente_telefone`, `cliente_celular`, `cliente_cep`, `cliente_endereco`, `cliente_numero_endereco`, `cliente_bairro`, `cliente_complemento`, `cliente_cidade`, `cliente_estado`, `cliente_ativo`, `cliente_obs`, `cliente_data_alteracao`) VALUES
(1, '2023-10-24 00:34:35', 1, 'Gisele', 'dos Santos Moreira', '1989-10-12', '128.857.367-71', '32.286.454-9', 'santos.limagisele@gmail.com', '(21) 2454-8758', '(21) 97025-4595', '80540-000', 'Rua do aprendizado', '1000', 'Estuda que você alcança', '', 'Curitiba', 'PR', 1, '', '2023-10-29 21:07:39'),
(2, '2023-10-24 00:38:31', 1, 'Ciclan', 'de Tal', '1975-05-21', '056.634.640-00', '235770759', 'teste@teste.com', '(21) 9584-5265', '(21) 99999-9999', '21151-512', 'Rua do amor', '25', 'Amor', '', 'Rio de Janeiro', 'RJ', 0, '', '2023-10-24 00:38:44'),
(3, '2023-09-28 08:27:47', 1, 'Miriam', 'Fulana da Silva', '1990-01-02', '140.028.790-11', '91.867.56-7', 'email@email.com', '', '(21) 97025-4595', '80540-000', 'Rua do aprendizado', '1000', 'Estudo que você alcança', '', 'Curitiba', 'PR', 1, '', '2023-11-20 23:41:18');

-- --------------------------------------------------------

--
-- Estrutura da tabela `contas_pagar`
--

CREATE TABLE `contas_pagar` (
  `conta_pagar_id` int(11) NOT NULL,
  `conta_pagar_fornecedor_id` int(11) DEFAULT NULL,
  `conta_pagar_data_vencimento` date DEFAULT NULL,
  `conta_pagar_data_pagamento` datetime DEFAULT NULL,
  `conta_pagar_valor` varchar(15) DEFAULT NULL,
  `conta_pagar_status` tinyint(1) DEFAULT NULL,
  `conta_pagar_obs` tinytext DEFAULT NULL,
  `conta_pagar_data_alteracao` timestamp NULL DEFAULT current_timestamp() ON UPDATE current_timestamp()
) ENGINE=InnoDB DEFAULT CHARSET=latin1 COLLATE=latin1_swedish_ci COMMENT='		';

--
-- Extraindo dados da tabela `contas_pagar`
--

INSERT INTO `contas_pagar` (`conta_pagar_id`, `conta_pagar_fornecedor_id`, `conta_pagar_data_vencimento`, `conta_pagar_data_pagamento`, `conta_pagar_valor`, `conta_pagar_status`, `conta_pagar_obs`, `conta_pagar_data_alteracao`) VALUES
(3, 2, '2023-11-09', '2023-12-10 06:30:12', '1,000.00', 1, '', '2023-12-10 21:30:12'),
(4, 2, '2023-11-04', '2023-10-22 10:27:47', '150.00', 1, '', '2023-10-23 01:27:47'),
(5, 2, '2023-10-23', '2023-10-23 09:30:29', '1,000.00', 1, '', '2023-10-24 00:30:29'),
(6, 2, '2023-11-01', '2023-11-26 08:39:52', '150.00', 1, '', '2023-11-26 23:39:52'),
(7, 2, '2023-12-02', '2023-11-26 08:40:08', '150.00', 1, '', '2023-11-26 23:40:08'),
(8, 2, '2023-12-10', NULL, '1,000.00', 0, '', '2023-12-10 21:49:17'),
(9, 2, '2023-11-25', NULL, '1,000.00', 0, '', '2023-12-10 21:49:51');

-- --------------------------------------------------------

--
-- Estrutura da tabela `contas_receber`
--

CREATE TABLE `contas_receber` (
  `conta_receber_id` int(11) NOT NULL,
  `conta_receber_cliente_id` int(11) NOT NULL,
  `conta_receber_data_vencimento` date DEFAULT NULL,
  `conta_receber_data_pagamento` datetime DEFAULT NULL,
  `conta_receber_valor` varchar(20) DEFAULT NULL,
  `conta_receber_status` tinyint(1) DEFAULT NULL,
  `conta_receber_obs` tinytext DEFAULT NULL,
  `conta_receber_data_alteracao` timestamp NULL DEFAULT current_timestamp() ON UPDATE current_timestamp()
) ENGINE=InnoDB DEFAULT CHARSET=latin1 COLLATE=latin1_swedish_ci;

--
-- Extraindo dados da tabela `contas_receber`
--

INSERT INTO `contas_receber` (`conta_receber_id`, `conta_receber_cliente_id`, `conta_receber_data_vencimento`, `conta_receber_data_pagamento`, `conta_receber_valor`, `conta_receber_status`, `conta_receber_obs`, `conta_receber_data_alteracao`) VALUES
(1, 1, '2023-12-10', '2023-10-29 07:03:17', '150,226.22', 0, '', '2023-12-10 21:52:23'),
(2, 2, '2020-02-21', '2020-02-28 18:33:19', '350.00', 1, NULL, '2020-02-28 21:33:19'),
(3, 3, '2020-02-28', '2020-02-28 17:22:47', '56.00', 1, NULL, '2020-02-28 20:22:47'),
(4, 3, '2023-10-31', '2023-10-29 07:42:53', '100.00', 1, 'Conta a receber', '2023-10-29 22:42:53'),
(6, 3, '2023-10-29', '2023-11-26 05:11:50', '100.00', 1, '', '2023-11-26 20:11:50'),
(7, 1, '2023-11-29', '2023-11-26 06:19:45', '100.00', 1, '', '2023-11-26 21:19:45'),
(8, 1, '2023-12-02', '2023-12-05 09:58:43', '100.00', 1, '', '2023-12-06 00:58:43'),
(9, 1, '2023-11-21', '2023-12-05 10:01:46', '50.00', 1, '', '2023-12-06 01:01:46'),
(10, 1, '2023-11-26', NULL, '100.00', 0, '', '2023-12-10 21:53:11');

-- --------------------------------------------------------

--
-- Estrutura da tabela `formas_pagamentos`
--

CREATE TABLE `formas_pagamentos` (
  `forma_pagamento_id` int(11) NOT NULL,
  `forma_pagamento_nome` varchar(45) DEFAULT NULL,
  `forma_pagamento_aceita_parc` tinyint(1) DEFAULT NULL,
  `forma_pagamento_ativa` tinyint(1) DEFAULT NULL,
  `forma_pagamento_data_alteracao` timestamp NULL DEFAULT current_timestamp() ON UPDATE current_timestamp()
) ENGINE=InnoDB DEFAULT CHARSET=latin1 COLLATE=latin1_swedish_ci;

--
-- Extraindo dados da tabela `formas_pagamentos`
--

INSERT INTO `formas_pagamentos` (`forma_pagamento_id`, `forma_pagamento_nome`, `forma_pagamento_aceita_parc`, `forma_pagamento_ativa`, `forma_pagamento_data_alteracao`) VALUES
(1, 'Cartão de crédito', 1, 1, '2023-10-30 02:24:18'),
(2, 'Dinheiro', 0, 1, '2020-01-29 21:43:54'),
(3, 'Boleto bancário', 0, 1, '2023-10-30 02:24:10'),
(5, 'Cartão de débito', 0, 1, '2023-11-02 20:41:34'),
(6, 'Transferência bancaria', 0, 1, '2023-11-02 20:42:07');

-- --------------------------------------------------------

--
-- Estrutura da tabela `fornecedores`
--

CREATE TABLE `fornecedores` (
  `fornecedor_id` int(11) NOT NULL,
  `fornecedor_data_cadastro` timestamp NULL DEFAULT current_timestamp(),
  `fornecedor_razao` varchar(200) DEFAULT NULL,
  `fornecedor_nome_fantasia` varchar(145) DEFAULT NULL,
  `fornecedor_cnpj` varchar(20) DEFAULT NULL,
  `fornecedor_ie` varchar(20) DEFAULT NULL,
  `fornecedor_telefone` varchar(20) DEFAULT NULL,
  `fornecedor_celular` varchar(20) DEFAULT NULL,
  `fornecedor_email` varchar(100) DEFAULT NULL,
  `fornecedor_contato` varchar(45) DEFAULT NULL,
  `fornecedor_cep` varchar(10) DEFAULT NULL,
  `fornecedor_endereco` varchar(145) DEFAULT NULL,
  `fornecedor_numero_endereco` varchar(20) DEFAULT NULL,
  `fornecedor_bairro` varchar(45) DEFAULT NULL,
  `fornecedor_complemento` varchar(45) DEFAULT NULL,
  `fornecedor_cidade` varchar(45) DEFAULT NULL,
  `fornecedor_estado` varchar(2) DEFAULT NULL,
  `fornecedor_ativo` tinyint(1) DEFAULT NULL,
  `fornecedor_obs` tinytext DEFAULT NULL,
  `fornecedor_data_alteracao` timestamp NULL DEFAULT current_timestamp() ON UPDATE current_timestamp()
) ENGINE=InnoDB DEFAULT CHARSET=latin1 COLLATE=latin1_swedish_ci;

--
-- Extraindo dados da tabela `fornecedores`
--

INSERT INTO `fornecedores` (`fornecedor_id`, `fornecedor_data_cadastro`, `fornecedor_razao`, `fornecedor_nome_fantasia`, `fornecedor_cnpj`, `fornecedor_ie`, `fornecedor_telefone`, `fornecedor_celular`, `fornecedor_email`, `fornecedor_contato`, `fornecedor_cep`, `fornecedor_endereco`, `fornecedor_numero_endereco`, `fornecedor_bairro`, `fornecedor_complemento`, `fornecedor_cidade`, `fornecedor_estado`, `fornecedor_ativo`, `fornecedor_obs`, `fornecedor_data_alteracao`) VALUES
(2, '2023-10-01 19:11:00', 'Casa Noturna Ltda', 'Casa Noturna Ltda', '46.514.454/0001-81', '72.976.46-0', '(24) 3685-3430', '(24) 99964-2083', 'vendas@ryanemanoelcasanoturnaltda.com.br', 'Ciclano de tal', '21361-125', 'Travessa Gérson Machado', '100', 'Vaz Lobo', '', 'Rio de Janeiro', 'RJ', 1, '', '2023-10-16 15:25:20');

-- --------------------------------------------------------

--
-- Estrutura da tabela `groups`
--

CREATE TABLE `groups` (
  `id` mediumint(8) UNSIGNED NOT NULL,
  `name` varchar(20) NOT NULL,
  `description` varchar(100) NOT NULL
) ENGINE=InnoDB DEFAULT CHARSET=utf8 COLLATE=utf8_general_ci;

--
-- Extraindo dados da tabela `groups`
--

INSERT INTO `groups` (`id`, `name`, `description`) VALUES
(1, 'admin', 'Administrator'),
(2, 'vendedor', 'Vendedores');

-- --------------------------------------------------------

--
-- Estrutura da tabela `login_attempts`
--

CREATE TABLE `login_attempts` (
  `id` int(11) UNSIGNED NOT NULL,
  `ip_address` varchar(45) NOT NULL,
  `login` varchar(100) NOT NULL,
  `time` int(11) UNSIGNED DEFAULT NULL
) ENGINE=InnoDB DEFAULT CHARSET=utf8 COLLATE=utf8_general_ci;

-- --------------------------------------------------------

--
-- Estrutura da tabela `marcas`
--

CREATE TABLE `marcas` (
  `marca_id` int(11) NOT NULL,
  `marca_nome` varchar(45) NOT NULL,
  `marca_ativa` tinyint(1) DEFAULT NULL,
  `marca_data_alteracao` timestamp NOT NULL DEFAULT '0000-00-00 00:00:00' ON UPDATE current_timestamp()
) ENGINE=InnoDB DEFAULT CHARSET=latin1 COLLATE=latin1_swedish_ci;

--
-- Extraindo dados da tabela `marcas`
--

INSERT INTO `marcas` (`marca_id`, `marca_nome`, `marca_ativa`, `marca_data_alteracao`) VALUES
(1, 'Multilaser PRO', 1, '2023-10-08 21:58:25'),
(3, 'HP', 0, '2023-10-16 15:17:25');

-- --------------------------------------------------------

--
-- Estrutura da tabela `ordem_tem_servicos`
--

CREATE TABLE `ordem_tem_servicos` (
  `ordem_ts_id` int(11) NOT NULL,
  `ordem_ts_id_servico` int(11) DEFAULT NULL,
  `ordem_ts_id_ordem_servico` int(11) DEFAULT NULL,
  `ordem_ts_quantidade` int(11) DEFAULT NULL,
  `ordem_ts_valor_unitario` varchar(45) DEFAULT NULL,
  `ordem_ts_valor_desconto` varchar(45) DEFAULT NULL,
  `ordem_ts_valor_total` varchar(45) DEFAULT NULL
) ENGINE=InnoDB DEFAULT CHARSET=latin1 COLLATE=latin1_swedish_ci COMMENT='Tabela de relacionamento entre as tabelas servicos e ordem_servico';

--
-- Extraindo dados da tabela `ordem_tem_servicos`
--

INSERT INTO `ordem_tem_servicos` (`ordem_ts_id`, `ordem_ts_id_servico`, `ordem_ts_id_ordem_servico`, `ordem_ts_quantidade`, `ordem_ts_valor_unitario`, `ordem_ts_valor_desconto`, `ordem_ts_valor_total`) VALUES
(38, 2, 3, 2, ' 80.00', '0 ', ' 160.00'),
(42, 2, 2, 2, ' 80.00', '0 ', ' 160.00'),
(43, 1, 2, 1, ' 55.00', '0 ', ' 55.00');

-- --------------------------------------------------------

--
-- Estrutura da tabela `ordens_servicos`
--

CREATE TABLE `ordens_servicos` (
  `ordem_servico_id` int(11) NOT NULL,
  `ordem_servico_forma_pagamento_id` int(11) DEFAULT NULL,
  `ordem_servico_cliente_id` int(11) DEFAULT NULL,
  `ordem_servico_data_emissao` timestamp NULL DEFAULT current_timestamp(),
  `ordem_servico_data_conclusao` varchar(100) DEFAULT NULL,
  `ordem_servico_equipamento` varchar(80) DEFAULT NULL,
  `ordem_servico_marca_equipamento` varchar(80) DEFAULT NULL,
  `ordem_servico_modelo_equipamento` varchar(80) DEFAULT NULL,
  `ordem_servico_acessorios` tinytext DEFAULT NULL,
  `ordem_servico_defeito` tinytext DEFAULT NULL,
  `ordem_servico_valor_desconto` varchar(25) DEFAULT NULL,
  `ordem_servico_valor_total` varchar(25) DEFAULT NULL,
  `ordem_servico_status` tinyint(1) DEFAULT NULL,
  `ordem_servico_obs` tinytext DEFAULT NULL,
  `ordem_servico_data_alteracao` timestamp NULL DEFAULT NULL ON UPDATE current_timestamp()
) ENGINE=InnoDB DEFAULT CHARSET=latin1 COLLATE=latin1_swedish_ci;

--
-- Extraindo dados da tabela `ordens_servicos`
--

INSERT INTO `ordens_servicos` (`ordem_servico_id`, `ordem_servico_forma_pagamento_id`, `ordem_servico_cliente_id`, `ordem_servico_data_emissao`, `ordem_servico_data_conclusao`, `ordem_servico_equipamento`, `ordem_servico_marca_equipamento`, `ordem_servico_modelo_equipamento`, `ordem_servico_acessorios`, `ordem_servico_defeito`, `ordem_servico_valor_desconto`, `ordem_servico_valor_total`, `ordem_servico_status`, `ordem_servico_obs`, `ordem_servico_data_alteracao`) VALUES
(2, 1, 3, '2020-02-14 20:48:53', NULL, 'Notebook gamer', 'Awell', 'FONE01', 'Mouse e carregador', 'Não carrega', 'R$ 0.00', '215.00', 0, 'Cliente autorizou o serviço', '2023-12-10 17:45:14'),
(3, 1, 3, '2020-02-17 23:53:26', NULL, 'Notebook Sony', 'Sony', 'FONE01', 'Mouse e carregador', 'Tela trincada', 'R$ 0.00', '160.00', 0, 'Vem buscar pela manhã', '2023-11-19 23:24:19');

-- --------------------------------------------------------

--
-- Estrutura da tabela `produtos`
--

CREATE TABLE `produtos` (
  `produto_id` int(11) NOT NULL,
  `produto_codigo` varchar(45) DEFAULT NULL,
  `produto_data_cadastro` datetime DEFAULT NULL,
  `produto_categoria_id` int(11) NOT NULL,
  `produto_marca_id` int(11) NOT NULL,
  `produto_fornecedor_id` int(11) NOT NULL,
  `produto_descricao` varchar(145) DEFAULT NULL,
  `produto_unidade` varchar(25) DEFAULT NULL,
  `produto_preco_custo` varchar(45) DEFAULT NULL,
  `produto_preco_venda` varchar(45) DEFAULT NULL,
  `produto_estoque_minimo` varchar(10) DEFAULT NULL,
  `produto_qtde_estoque` varchar(10) DEFAULT NULL,
  `produto_ativo` tinyint(1) DEFAULT NULL,
  `produto_obs` tinytext DEFAULT NULL,
  `produto_data_alteracao` timestamp NULL DEFAULT NULL ON UPDATE current_timestamp()
) ENGINE=InnoDB DEFAULT CHARSET=latin1 COLLATE=latin1_swedish_ci;

--
-- Extraindo dados da tabela `produtos`
--

INSERT INTO `produtos` (`produto_id`, `produto_codigo`, `produto_data_cadastro`, `produto_categoria_id`, `produto_marca_id`, `produto_fornecedor_id`, `produto_descricao`, `produto_unidade`, `produto_preco_custo`, `produto_preco_venda`, `produto_estoque_minimo`, `produto_qtde_estoque`, `produto_ativo`, `produto_obs`, `produto_data_alteracao`) VALUES
(1, '72495380', NULL, 1, 1, 2, 'Notebook gamer', 'UN', '1.801,00', '15.031,00', '5', '10', 1, 'Produto já está auditado', '2023-12-10 17:31:39'),
(2, '50412637', NULL, 1, 1, 2, 'Fone de ouvido gamer', 'UN', '112,00', '125,00', '1', '31', 1, '', '2023-12-10 17:30:19'),
(3, '41697502', NULL, 4, 1, 2, 'Mouse usb', 'UN', '1,99', '19,22', '2', '2', 1, '', '2023-12-10 17:35:17');

-- --------------------------------------------------------

--
-- Estrutura da tabela `servicos`
--

CREATE TABLE `servicos` (
  `servico_id` int(11) NOT NULL,
  `servico_nome` varchar(145) DEFAULT NULL,
  `servico_preco` varchar(15) DEFAULT NULL,
  `servico_descricao` tinytext DEFAULT NULL,
  `servico_ativo` tinyint(1) DEFAULT NULL,
  `servico_data_alteracao` timestamp NULL DEFAULT current_timestamp() ON UPDATE current_timestamp()
) ENGINE=InnoDB DEFAULT CHARSET=latin1 COLLATE=latin1_swedish_ci;

--
-- Extraindo dados da tabela `servicos`
--

INSERT INTO `servicos` (`servico_id`, `servico_nome`, `servico_preco`, `servico_descricao`, `servico_ativo`, `servico_data_alteracao`) VALUES
(1, 'Limpeza geral - teste', '55,00', 'Lorem Ipsum é simplesmente uma simulação de texto da indústria tipográfica e de impressos, e vem sendo utilizado desde o século XVI, quando um impressor desconhecido pegou uma bandeasdasdasasd', 1, '2023-11-05 22:37:10'),
(2, 'Solda elétrica', '80,00', 'Solda elétrica', 1, '2023-11-19 22:42:53'),
(3, 'Restauração de componentes', '120,00', 'Restauração de componentes', 1, '2020-02-13 22:11:29');

-- --------------------------------------------------------

--
-- Estrutura da tabela `sistema`
--

CREATE TABLE `sistema` (
  `sistema_id` int(11) NOT NULL,
  `sistema_razao_social` varchar(145) DEFAULT NULL,
  `sistema_nome_fantasia` varchar(145) DEFAULT NULL,
  `sistema_cnpj` varchar(25) DEFAULT NULL,
  `sistema_ie` varchar(25) DEFAULT NULL,
  `sistema_telefone_fixo` varchar(25) DEFAULT NULL,
  `sistema_telefone_movel` varchar(25) NOT NULL,
  `sistema_email` varchar(100) DEFAULT NULL,
  `sistema_site_url` varchar(100) DEFAULT NULL,
  `sistema_cep` varchar(25) DEFAULT NULL,
  `sistema_endereco` varchar(145) DEFAULT NULL,
  `sistema_numero` varchar(25) DEFAULT NULL,
  `sistema_cidade` varchar(45) DEFAULT NULL,
  `sistema_estado` varchar(2) DEFAULT NULL,
  `sistema_txt_ordem_servico` tinytext DEFAULT NULL,
  `sistema_data_alteracao` timestamp NULL DEFAULT current_timestamp() ON UPDATE current_timestamp()
) ENGINE=InnoDB DEFAULT CHARSET=latin1 COLLATE=latin1_swedish_ci;

--
-- Extraindo dados da tabela `sistema`
--

INSERT INTO `sistema` (`sistema_id`, `sistema_razao_social`, `sistema_nome_fantasia`, `sistema_cnpj`, `sistema_ie`, `sistema_telefone_fixo`, `sistema_telefone_movel`, `sistema_email`, `sistema_site_url`, `sistema_cep`, `sistema_endereco`, `sistema_numero`, `sistema_cidade`, `sistema_estado`, `sistema_txt_ordem_servico`, `sistema_data_alteracao`) VALUES
(1, 'system order inc', 'Sistema ordem de serviço Now', '09.197.542/0001-70', '683.844.557-32', '(21) 9999-9999', '(21) 9999-9999', 'ordemnow@contato.com.br', 'http://localhost/ordem/', '80429-000', 'Rua da paz', '38', 'Curitiba', 'PR', 'Serviços de qualidade', '2023-11-12 19:46:00');

-- --------------------------------------------------------

--
-- Estrutura da tabela `users`
--

CREATE TABLE `users` (
  `id` int(11) UNSIGNED NOT NULL,
  `ip_address` varchar(45) NOT NULL,
  `username` varchar(100) DEFAULT NULL,
  `password` varchar(255) NOT NULL,
  `email` varchar(254) NOT NULL,
  `activation_selector` varchar(255) DEFAULT NULL,
  `activation_code` varchar(255) DEFAULT NULL,
  `forgotten_password_selector` varchar(255) DEFAULT NULL,
  `forgotten_password_code` varchar(255) DEFAULT NULL,
  `forgotten_password_time` int(11) UNSIGNED DEFAULT NULL,
  `remember_selector` varchar(255) DEFAULT NULL,
  `remember_code` varchar(255) DEFAULT NULL,
  `created_on` int(11) UNSIGNED NOT NULL,
  `last_login` int(11) UNSIGNED DEFAULT NULL,
  `active` tinyint(1) UNSIGNED DEFAULT NULL,
  `first_name` varchar(50) DEFAULT NULL,
  `last_name` varchar(50) DEFAULT NULL,
  `company` varchar(100) DEFAULT NULL,
  `phone` varchar(20) DEFAULT NULL
) ENGINE=InnoDB DEFAULT CHARSET=utf8 COLLATE=utf8_general_ci;

--
-- Extraindo dados da tabela `users`
--

INSERT INTO `users` (`id`, `ip_address`, `username`, `password`, `email`, `activation_selector`, `activation_code`, `forgotten_password_selector`, `forgotten_password_code`, `forgotten_password_time`, `remember_selector`, `remember_code`, `created_on`, `last_login`, `active`, `first_name`, `last_name`, `company`, `phone`) VALUES
(1, '127.0.0.1', 'administrator', '$2y$10$ncCS6Mmms4Pt92AfgfNSzebDgtTOl3F4nBDG387Vo64E0weQIGZH6', 'admin@admin.com', NULL, '', NULL, NULL, NULL, NULL, NULL, 1268889823, 1702234569, 1, 'Leonardo', 'Moreira', 'ADMIN', '0'),
(6, '::1', 'paulo', '$2y$10$k9gV6vapTbtbboDeOQpiQO7m0DtPeX/dNmqeG8GN1scZtr1m/V21W', 'paulo@email.com', NULL, NULL, NULL, NULL, NULL, NULL, NULL, 1692665434, 1702234760, 1, 'Paulo', 'Souza', NULL, NULL);

-- --------------------------------------------------------

--
-- Estrutura da tabela `users_groups`
--

CREATE TABLE `users_groups` (
  `id` int(11) UNSIGNED NOT NULL,
  `user_id` int(11) UNSIGNED NOT NULL,
  `group_id` mediumint(8) UNSIGNED NOT NULL
) ENGINE=InnoDB DEFAULT CHARSET=utf8 COLLATE=utf8_general_ci;

--
-- Extraindo dados da tabela `users_groups`
--

INSERT INTO `users_groups` (`id`, `user_id`, `group_id`) VALUES
(11, 1, 1),
(22, 6, 2);

-- --------------------------------------------------------

--
-- Estrutura da tabela `vendas`
--

CREATE TABLE `vendas` (
  `venda_id` int(11) NOT NULL,
  `venda_cliente_id` int(11) DEFAULT NULL,
  `venda_forma_pagamento_id` int(11) DEFAULT NULL,
  `venda_vendedor_id` int(11) DEFAULT NULL,
  `venda_tipo` tinyint(1) DEFAULT NULL,
  `venda_data_emissao` timestamp NULL DEFAULT current_timestamp(),
  `venda_valor_desconto` varchar(25) DEFAULT NULL,
  `venda_valor_total` varchar(25) DEFAULT NULL,
  `venda_data_alteracao` timestamp NULL DEFAULT NULL ON UPDATE current_timestamp()
) ENGINE=InnoDB DEFAULT CHARSET=latin1 COLLATE=latin1_swedish_ci;

--
-- Extraindo dados da tabela `vendas`
--

INSERT INTO `vendas` (`venda_id`, `venda_cliente_id`, `venda_forma_pagamento_id`, `venda_vendedor_id`, `venda_tipo`, `venda_data_emissao`, `venda_valor_desconto`, `venda_valor_total`, `venda_data_alteracao`) VALUES
(1, 1, 5, 1, 1, '2023-11-20 13:06:14', 'R$ 0.00', '15,656.00', '2023-11-20 20:37:32'),
(2, 3, 1, 1, 2, '2023-11-20 21:49:05', 'R$ 0.00', '15,031.00', NULL),
(4, 1, 2, 1, 1, '2023-11-20 22:43:14', 'R$ 0.00', '15,281.00', NULL),
(5, 3, 3, 1, 1, '2023-11-20 22:44:53', 'R$ 0.00', '15,156.00', NULL),
(6, 1, 6, 1, 1, '2023-11-20 22:46:55', 'R$ 0.00', '15,031.00', NULL),
(8, 1, 2, 1, 1, '2023-12-10 17:30:19', 'R$ 0.00', '125.00', NULL),
(9, 3, 5, 1, 1, '2023-12-10 17:35:17', 'R$ 0.00', '19.22', NULL);

-- --------------------------------------------------------

--
-- Estrutura da tabela `venda_produtos`
--

CREATE TABLE `venda_produtos` (
  `id_venda_produtos` int(11) NOT NULL,
  `venda_produto_id_venda` int(11) DEFAULT NULL,
  `venda_produto_id_produto` int(11) DEFAULT NULL,
  `venda_produto_quantidade` varchar(15) DEFAULT NULL,
  `venda_produto_valor_unitario` varchar(20) DEFAULT NULL,
  `venda_produto_desconto` varchar(10) DEFAULT NULL,
  `venda_produto_valor_total` varchar(20) DEFAULT NULL
) ENGINE=InnoDB DEFAULT CHARSET=latin1 COLLATE=latin1_swedish_ci;

--
-- Extraindo dados da tabela `venda_produtos`
--

INSERT INTO `venda_produtos` (`id_venda_produtos`, `venda_produto_id_venda`, `venda_produto_id_produto`, `venda_produto_quantidade`, `venda_produto_valor_unitario`, `venda_produto_desconto`, `venda_produto_valor_total`) VALUES
(18, 1, 2, '5', ' 125.00', '0 ', ' 625.00'),
(19, 1, 1, '1', ' 15031.00', '0 ', ' 15031.00'),
(20, 2, 1, '1', ' 15031.00', '0 ', ' 15031.00'),
(22, 4, 2, '2', ' 125.00', '0 ', ' 250.00'),
(23, 4, 1, '1', ' 15031.00', '0 ', ' 15031.00'),
(24, 5, 2, '1', ' 125.00', '0 ', ' 125.00'),
(25, 5, 1, '1', ' 15031.00', '0 ', ' 15031.00'),
(26, 6, 1, '1', ' 15031.00', '0 ', ' 15031.00'),
(28, 8, 2, '1', ' 125.00', '0 ', ' 125.00'),
(29, 9, 3, '1', ' 19.22', '0 ', ' 19.22');

-- --------------------------------------------------------

--
-- Estrutura da tabela `vendedores`
--

CREATE TABLE `vendedores` (
  `vendedor_id` int(11) NOT NULL,
  `vendedor_codigo` varchar(10) NOT NULL,
  `vendedor_data_cadastro` timestamp NULL DEFAULT current_timestamp(),
  `vendedor_nome_completo` varchar(145) NOT NULL,
  `vendedor_cpf` varchar(25) NOT NULL,
  `vendedor_rg` varchar(25) NOT NULL,
  `vendedor_telefone` varchar(15) DEFAULT NULL,
  `vendedor_celular` varchar(15) DEFAULT NULL,
  `vendedor_email` varchar(45) DEFAULT NULL,
  `vendedor_cep` varchar(15) DEFAULT NULL,
  `vendedor_endereco` varchar(45) DEFAULT NULL,
  `vendedor_numero_endereco` varchar(25) DEFAULT NULL,
  `vendedor_complemento` varchar(45) DEFAULT NULL,
  `vendedor_bairro` varchar(45) DEFAULT NULL,
  `vendedor_cidade` varchar(45) DEFAULT NULL,
  `vendedor_estado` varchar(2) DEFAULT NULL,
  `vendedor_ativo` tinyint(1) DEFAULT NULL,
  `vendedor_obs` tinytext DEFAULT NULL,
  `vendedor_data_alteracao` timestamp NULL DEFAULT current_timestamp() ON UPDATE current_timestamp()
) ENGINE=InnoDB DEFAULT CHARSET=latin1 COLLATE=latin1_swedish_ci;

--
-- Extraindo dados da tabela `vendedores`
--

INSERT INTO `vendedores` (`vendedor_id`, `vendedor_codigo`, `vendedor_data_cadastro`, `vendedor_nome_completo`, `vendedor_cpf`, `vendedor_rg`, `vendedor_telefone`, `vendedor_celular`, `vendedor_email`, `vendedor_cep`, `vendedor_endereco`, `vendedor_numero_endereco`, `vendedor_complemento`, `vendedor_bairro`, `vendedor_cidade`, `vendedor_estado`, `vendedor_ativo`, `vendedor_obs`, `vendedor_data_alteracao`) VALUES
(1, '09842571', '2020-01-28 01:24:17', 'Lucio Antonio de Souza  - TESTE', '946.873.070-00', '36.803.319-3', '(41) 3333-3232', '(41) 99999-9999', 'vendedor@gmail.com', '80530-000', 'Rua das vendas', '45', '', 'Centro', 'Curitiba', 'PR', 1, '', '2023-11-20 16:42:49'),
(3, '70384165', '2023-10-02 00:45:14', 'Miriam Fulana da Silva', '695.197.870-03', '35.991.821-9', '(21) 3554-5454', '(21) 95645-4545', 'email@email.com', '80540-000', 'Rua do aprendizado', '1000', '', 'Bairro', 'Curitiba', 'PR', 1, 'Nova vendedora', '2023-10-02 00:46:07');

--
-- Índices para tabelas despejadas
--

--
-- Índices para tabela `categorias`
--
ALTER TABLE `categorias`
  ADD PRIMARY KEY (`categoria_id`);

--
-- Índices para tabela `clientes`
--
ALTER TABLE `clientes`
  ADD PRIMARY KEY (`cliente_id`);

--
-- Índices para tabela `contas_pagar`
--
ALTER TABLE `contas_pagar`
  ADD PRIMARY KEY (`conta_pagar_id`),
  ADD KEY `fk_conta_pagar_id_fornecedor` (`conta_pagar_fornecedor_id`);

--
-- Índices para tabela `contas_receber`
--
ALTER TABLE `contas_receber`
  ADD PRIMARY KEY (`conta_receber_id`),
  ADD KEY `fk_conta_receber_id_cliente` (`conta_receber_cliente_id`);

--
-- Índices para tabela `formas_pagamentos`
--
ALTER TABLE `formas_pagamentos`
  ADD PRIMARY KEY (`forma_pagamento_id`);

--
-- Índices para tabela `fornecedores`
--
ALTER TABLE `fornecedores`
  ADD PRIMARY KEY (`fornecedor_id`);

--
-- Índices para tabela `groups`
--
ALTER TABLE `groups`
  ADD PRIMARY KEY (`id`);

--
-- Índices para tabela `login_attempts`
--
ALTER TABLE `login_attempts`
  ADD PRIMARY KEY (`id`);

--
-- Índices para tabela `marcas`
--
ALTER TABLE `marcas`
  ADD PRIMARY KEY (`marca_id`);

--
-- Índices para tabela `ordem_tem_servicos`
--
ALTER TABLE `ordem_tem_servicos`
  ADD PRIMARY KEY (`ordem_ts_id`),
  ADD KEY `fk_ordem_ts_id_servico` (`ordem_ts_id_servico`),
  ADD KEY `fk_ordem_ts_id_ordem_servico` (`ordem_ts_id_ordem_servico`);

--
-- Índices para tabela `ordens_servicos`
--
ALTER TABLE `ordens_servicos`
  ADD PRIMARY KEY (`ordem_servico_id`),
  ADD KEY `fk_ordem_servico_id_cliente` (`ordem_servico_cliente_id`),
  ADD KEY `fk_ordem_servico_id_forma_pagto` (`ordem_servico_forma_pagamento_id`);

--
-- Índices para tabela `produtos`
--
ALTER TABLE `produtos`
  ADD PRIMARY KEY (`produto_id`),
  ADD KEY `produto_categoria_id` (`produto_categoria_id`,`produto_marca_id`,`produto_fornecedor_id`),
  ADD KEY `fk_produto_marca_id` (`produto_marca_id`),
  ADD KEY `fk_produto_forncedor_id` (`produto_fornecedor_id`);

--
-- Índices para tabela `servicos`
--
ALTER TABLE `servicos`
  ADD PRIMARY KEY (`servico_id`);

--
-- Índices para tabela `sistema`
--
ALTER TABLE `sistema`
  ADD PRIMARY KEY (`sistema_id`);

--
-- Índices para tabela `users`
--
ALTER TABLE `users`
  ADD PRIMARY KEY (`id`),
  ADD UNIQUE KEY `uc_email` (`email`),
  ADD UNIQUE KEY `uc_activation_selector` (`activation_selector`),
  ADD UNIQUE KEY `uc_forgotten_password_selector` (`forgotten_password_selector`),
  ADD UNIQUE KEY `uc_remember_selector` (`remember_selector`);

--
-- Índices para tabela `users_groups`
--
ALTER TABLE `users_groups`
  ADD PRIMARY KEY (`id`),
  ADD UNIQUE KEY `uc_users_groups` (`user_id`,`group_id`),
  ADD KEY `fk_users_groups_users1_idx` (`user_id`),
  ADD KEY `fk_users_groups_groups1_idx` (`group_id`);

--
-- Índices para tabela `vendas`
--
ALTER TABLE `vendas`
  ADD PRIMARY KEY (`venda_id`),
  ADD KEY `fk_venda_cliente_id` (`venda_cliente_id`),
  ADD KEY `fk_venda_forma_pagto_id` (`venda_forma_pagamento_id`),
  ADD KEY `fk_venda_vendedor_id` (`venda_vendedor_id`);

--
-- Índices para tabela `venda_produtos`
--
ALTER TABLE `venda_produtos`
  ADD PRIMARY KEY (`id_venda_produtos`),
  ADD KEY `fk_venda_produtos_id_produto` (`venda_produto_id_produto`),
  ADD KEY `fk_venda_produtos_id_venda` (`venda_produto_id_venda`);

--
-- Índices para tabela `vendedores`
--
ALTER TABLE `vendedores`
  ADD PRIMARY KEY (`vendedor_id`);

--
-- AUTO_INCREMENT de tabelas despejadas
--

--
-- AUTO_INCREMENT de tabela `categorias`
--
ALTER TABLE `categorias`
  MODIFY `categoria_id` int(11) NOT NULL AUTO_INCREMENT, AUTO_INCREMENT=5;

--
-- AUTO_INCREMENT de tabela `clientes`
--
ALTER TABLE `clientes`
  MODIFY `cliente_id` int(11) NOT NULL AUTO_INCREMENT, AUTO_INCREMENT=6;

--
-- AUTO_INCREMENT de tabela `contas_pagar`
--
ALTER TABLE `contas_pagar`
  MODIFY `conta_pagar_id` int(11) NOT NULL AUTO_INCREMENT, AUTO_INCREMENT=10;

--
-- AUTO_INCREMENT de tabela `contas_receber`
--
ALTER TABLE `contas_receber`
  MODIFY `conta_receber_id` int(11) NOT NULL AUTO_INCREMENT, AUTO_INCREMENT=11;

--
-- AUTO_INCREMENT de tabela `formas_pagamentos`
--
ALTER TABLE `formas_pagamentos`
  MODIFY `forma_pagamento_id` int(11) NOT NULL AUTO_INCREMENT, AUTO_INCREMENT=7;

--
-- AUTO_INCREMENT de tabela `fornecedores`
--
ALTER TABLE `fornecedores`
  MODIFY `fornecedor_id` int(11) NOT NULL AUTO_INCREMENT, AUTO_INCREMENT=3;

--
-- AUTO_INCREMENT de tabela `groups`
--
ALTER TABLE `groups`
  MODIFY `id` mediumint(8) UNSIGNED NOT NULL AUTO_INCREMENT, AUTO_INCREMENT=3;

--
-- AUTO_INCREMENT de tabela `login_attempts`
--
ALTER TABLE `login_attempts`
  MODIFY `id` int(11) UNSIGNED NOT NULL AUTO_INCREMENT, AUTO_INCREMENT=39;

--
-- AUTO_INCREMENT de tabela `marcas`
--
ALTER TABLE `marcas`
  MODIFY `marca_id` int(11) NOT NULL AUTO_INCREMENT, AUTO_INCREMENT=4;

--
-- AUTO_INCREMENT de tabela `ordem_tem_servicos`
--
ALTER TABLE `ordem_tem_servicos`
  MODIFY `ordem_ts_id` int(11) NOT NULL AUTO_INCREMENT, AUTO_INCREMENT=44;

--
-- AUTO_INCREMENT de tabela `ordens_servicos`
--
ALTER TABLE `ordens_servicos`
  MODIFY `ordem_servico_id` int(11) NOT NULL AUTO_INCREMENT, AUTO_INCREMENT=12;

--
-- AUTO_INCREMENT de tabela `produtos`
--
ALTER TABLE `produtos`
  MODIFY `produto_id` int(11) NOT NULL AUTO_INCREMENT, AUTO_INCREMENT=9;

--
-- AUTO_INCREMENT de tabela `servicos`
--
ALTER TABLE `servicos`
  MODIFY `servico_id` int(11) NOT NULL AUTO_INCREMENT, AUTO_INCREMENT=6;

--
-- AUTO_INCREMENT de tabela `sistema`
--
ALTER TABLE `sistema`
  MODIFY `sistema_id` int(11) NOT NULL AUTO_INCREMENT, AUTO_INCREMENT=2;

--
-- AUTO_INCREMENT de tabela `users`
--
ALTER TABLE `users`
  MODIFY `id` int(11) UNSIGNED NOT NULL AUTO_INCREMENT, AUTO_INCREMENT=8;

--
-- AUTO_INCREMENT de tabela `users_groups`
--
ALTER TABLE `users_groups`
  MODIFY `id` int(11) UNSIGNED NOT NULL AUTO_INCREMENT, AUTO_INCREMENT=23;

--
-- AUTO_INCREMENT de tabela `vendas`
--
ALTER TABLE `vendas`
  MODIFY `venda_id` int(11) NOT NULL AUTO_INCREMENT, AUTO_INCREMENT=10;

--
-- AUTO_INCREMENT de tabela `venda_produtos`
--
ALTER TABLE `venda_produtos`
  MODIFY `id_venda_produtos` int(11) NOT NULL AUTO_INCREMENT, AUTO_INCREMENT=30;

--
-- AUTO_INCREMENT de tabela `vendedores`
--
ALTER TABLE `vendedores`
  MODIFY `vendedor_id` int(11) NOT NULL AUTO_INCREMENT, AUTO_INCREMENT=4;

--
-- Restrições para despejos de tabelas
--

--
-- Limitadores para a tabela `contas_pagar`
--
ALTER TABLE `contas_pagar`
  ADD CONSTRAINT `fk_conta_pagar_id_fornecedor` FOREIGN KEY (`conta_pagar_fornecedor_id`) REFERENCES `fornecedores` (`fornecedor_id`);

--
-- Limitadores para a tabela `ordem_tem_servicos`
--
ALTER TABLE `ordem_tem_servicos`
  ADD CONSTRAINT `fk_ordem_ts_id_ordem_servico` FOREIGN KEY (`ordem_ts_id_ordem_servico`) REFERENCES `ordens_servicos` (`ordem_servico_id`) ON DELETE CASCADE,
  ADD CONSTRAINT `fk_ordem_ts_id_servico` FOREIGN KEY (`ordem_ts_id_servico`) REFERENCES `servicos` (`servico_id`);

--
-- Limitadores para a tabela `ordens_servicos`
--
ALTER TABLE `ordens_servicos`
  ADD CONSTRAINT `fk_ordem_servico_id_cliente` FOREIGN KEY (`ordem_servico_cliente_id`) REFERENCES `clientes` (`cliente_id`),
  ADD CONSTRAINT `fk_ordem_servico_id_forma_pagto` FOREIGN KEY (`ordem_servico_forma_pagamento_id`) REFERENCES `formas_pagamentos` (`forma_pagamento_id`);

--
-- Limitadores para a tabela `users_groups`
--
ALTER TABLE `users_groups`
  ADD CONSTRAINT `fk_users_groups_groups1` FOREIGN KEY (`group_id`) REFERENCES `groups` (`id`) ON DELETE CASCADE ON UPDATE NO ACTION,
  ADD CONSTRAINT `fk_users_groups_users1` FOREIGN KEY (`user_id`) REFERENCES `users` (`id`) ON DELETE CASCADE ON UPDATE NO ACTION;

--
-- Limitadores para a tabela `vendas`
--
ALTER TABLE `vendas`
  ADD CONSTRAINT `fk_venda_cliente_id` FOREIGN KEY (`venda_cliente_id`) REFERENCES `clientes` (`cliente_id`),
  ADD CONSTRAINT `fk_venda_forma_pagto_id` FOREIGN KEY (`venda_forma_pagamento_id`) REFERENCES `formas_pagamentos` (`forma_pagamento_id`),
  ADD CONSTRAINT `fk_venda_vendedor_id` FOREIGN KEY (`venda_vendedor_id`) REFERENCES `vendedores` (`vendedor_id`);

--
-- Limitadores para a tabela `venda_produtos`
--
ALTER TABLE `venda_produtos`
  ADD CONSTRAINT `fk_venda_produtos_id_produto` FOREIGN KEY (`venda_produto_id_produto`) REFERENCES `produtos` (`produto_id`),
  ADD CONSTRAINT `fk_venda_produtos_id_venda` FOREIGN KEY (`venda_produto_id_venda`) REFERENCES `vendas` (`venda_id`) ON DELETE CASCADE;
COMMIT;

/*!40101 SET CHARACTER_SET_CLIENT=@OLD_CHARACTER_SET_CLIENT */;
/*!40101 SET CHARACTER_SET_RESULTS=@OLD_CHARACTER_SET_RESULTS */;
/*!40101 SET COLLATION_CONNECTION=@OLD_COLLATION_CONNECTION */;
